[
  {
    "username": "ddd",
    "password": "ddd"
  },
  {
    "username": "ddd",
    "password": "ddd"
  },
  {
    "username": "ddd",
    "password": "ddd"
  },
  {
    "username": "ddd",
    "password": "ddd"
  },
  {
    "username": "ddd",
    "password": "ddd"
  },
  {
    "username": "ddd",
    "password": "ddd"
  },
  {
    "username": "wasd",
    "password": "ygh"
  },
  {
    "username": "wad",
    "password": "dwa"
  },
  {
    "username": "wasd",
    "password": "wasd"
  },
  {
    "username": "dwa",
    "password": "dwa"
  },
  {
    "username": "dwa",
    "password": "ddwa"
  },
  {
    "username": "dwa",
    "password": "dwa"
  },
  {
    "username": "dwa",
    "password": "dwa"
  },
  {
    "username": "dwa",
    "password": "dw"
  },
  {
    "username": "dw",
    "password": "dw"
  },
  {
    "username": "dw",
    "password": "dw"
  },
  {
    "username": "dw",
    "password": "dw"
  }
]